,Unnamed: 0,text,text_clean
0,0,"32 THIS ARTICLE HAS BEEN PEER-REVIEWED.  COMPUTING  IN SCIENCE  & E NGINEERINGMACHINE   
LEARNING
Climate Informatics: Accelerating 
Discovering in Climate Science with Machine Learning
The goal of climate informatics, an emerging discipline, is to inspire collaboration between 
climate scientists and data scientists, in order to develop tools to analyze complex and ever-growing amounts of observed and simulated climate data, and thereby bridge the gap between data and understanding. Here, recent climate informatics work is discussed, along with some of the ﬁeld’s remaining challenges.
The impacts of present and potential 
future climate change pose impor-tant scientific and societal chal-lenges. Scientists have observed 
changes in temperature, sea ice, and sea level, and attributed those changes to human activity. It is an urgent international priority to improve our understanding of the climate system—a system characterized by complex phenomena that are difficult to observe and even more difficult to simulate. Despite the increasing availability of computational resources, cur-r e n t  a n a l y t i c a l  t o o l s  h a v e  b e e n  o u t p a c e d  b y  the ever-growing amounts of observed climate data from satellites, environmental sensors, and climate-model simulations. Computational ap-proaches will therefore be indispensable for these analysis challenges. The goal of the fledg-ling research discipline, climate informatics , is to inspire collaboration between climate scientists 
and data scientists (machine learning, statistics, and data mining researchers), and thus bridge the gap between data and understanding. Re-search on climate informatics will accelerate discovery and answer pressing questions in cli-mate science.
Machine learning is an active research area at 
the interface of computer science and statistics. The goal of machine learning research is to de-velop algorithms , automated techniques, to detect 
patterns in data. Such algorithms are critical to a range of technologies including Web search, rec-ommendation systems, personalized Internet ad-vertising, computer vision, and natural language processing. Machine learning also benefits the natural sciences, such as biology; the interdisci-plinary bioinformatics field has facilitated many discoveries in genomics and proteomics. The im-pact of machine learning on climate science has the potential to be similarly profound.
Here, we focus specifically on challenges in 
climate modeling; however, there are myriad collaborations possible at the intersection of these two fields. Recent work reveals that col-laborations with climate scientists also generate interesting new problems for machine learning.
1 
To broaden the discussion, we propose chal-lenge problems for climate informatics, some 1521-9615/13/$31.00 © 2013 IEEE
COPUBLISHED  BY THE IEEE CS AND THE AIP
Claire Monteleoni
George Washington University
Gavin A. Schmidt
NASA Goddard Institute for Space Studies
Scott McQuade
George Washington UniversitySEPTEMBER /OCTOBER  2013   33of which we discuss in detail elsewhere,2 and 
review recent successes in climate informatics. Climate scientists and machine learning, data mining, and statistics researchers discuss these topics at the Climate Informatics Workshop (an annual event we launched in 2011). Our prior work, including a survey, provides further dis-cussion of related work on climate informat-ics.
1-3 Additional resources are available on the 
climate informatics wiki (http://sites.google.com/site/1stclimateinformatics).
Climate Modeling
Climate scientists use climate models, large-scale 
mathematical models run as computer simula-tions, to understand and predict the climate. Geophysical experts, including climate scientists and meteorologists, encode data from observed processes into highly complex, nonlinear math-ematical models. As shown in Figure 1, each gen-eral circulation model (GCM) includes numerous individual climate-process models, such as cloud formation, rainfall, wind, ocean currents, and radiative heat transfer through the atmosphere. Results emergent from the models, such as the sensitivity of the climate to increasing green-house gases, are crucial to researchers trying to project and forecast the Earth’s climate.
4 (It is im-
portant to note that whereas in machine learning, data mining, and statistics, the term model  typi-
cally means data-driven, in climate modeling this term refers to a system of mathematical models that are based on scientific first principles).
Global climate modeling efforts began in the 
1970s. The models have become more complex as computational resources have evolved. Cur-rently, about 25 laboratories across the world support almost 50 climate models, forming the basis of climate projections (predictions) as-sessed by the Intergovernmental Panel on Cli-mate Change (IPCC), which was established by the United Nations in 1988 and received the 2007 Nobel Peace Prize (shared with former Vice President Al Gore). Climate scientists ini-tially developed the Coupled Model Intercom-parison Project version 3 (CMIP3) archive to support the IPCC Fourth Assessment Report.
5 
Researchers have used the archive in more than 500 publications, and it’s a rich source of cli-mate simulation output. The CMIP5 project continues the tradition of making global cli-mate-model predictions easier to use, and it will be quite significant in future IPCC reports.
The multi-model ensemble  (MME), the en-
semble of climate models that informs the IPCC, has high variance over model predic-
tions, for a variety of reasons. Different teams of scientists designed each model based on scientific first principles, which led to differ-ences in scope, discretization assumptions, the included science, and coding errors. Even though the different models’ predictions vary greatly, some climate scientists observed that overall, the average prediction (over multiple quantities, performance metrics, and time pe-riods) is more consistent than any one model.
6,7 
There has been growing interest, in the cli-mate-modeling community, in better ways to combine MME predictions, as well as methods to assess the “skill” of a single climate model (quantifying the model’s accuracy over a naive prediction). Researchers attempting to rank or weight models must show that the choices are meaningful for the specific context. One ap-proach supported by the climate science com-munity is the perfect model  assumption. In this 
framework, researchers assume one model to be the “truth,” then, over a calibration interval, they evaluate prediction methods trained on simulated observations generated by the “true” model. Scientists discussed these issues at an IPCC Expert Meeting on Assessing and Com-bining Multi-Model Climate Projections.
8,9Figure 1. A global climate model discretization, and a selection of 
included physical processes. The US National Oceanic and Atmospheric Administration  (NOAA) website offers this information and much more 
concerning climate change (http://celebrating200years.noaa.gov/breakthroughs/climate_model/welcome.html).
ContinentHorizontal grid
(latitude–longitude )
Vertical grid
(height or pressure )
Physical processes in a model
Solar
radiationTerrestrial
radiation
Advection
MomentumSnow
Mixed layer ocean
Advection
OceanHeat Water Sea iceAtmosphere34 COMPUTING  IN SCIENCE  & E NGINEERINGTracking Climate Models
Our research applies machine learning al-
gorithms to the problem of tracking the multi-model ensemble.
1,3,9 Our results on tem-
perature data (observed and predicted tempera-ture anomalies averaged over global, regional, annual, and monthly scales) show that our algo-rithm produces predictions that nearly match, and sometimes surpass, the results of the best model for the entire observation sequence. This is significant, because only in hindsight can one determine the best model for the whole obser-vation sequence. We used online learning algo-rithms with the goal of making both real-time and future predictions. Moreover, our research shows that the naive “batch” approach has dis-advantages due to
 the nonstationary nature of 
the observations and the relatively short history of model prediction data.
Climate scientists use temperature anoma-
lies to express both the climate-model predic-tions and the true observations. A temperature anomaly is the difference between the observed temperature and the temperature at the same location at a fixed, benchmark time. To put it another way, anomalies are measurements of temperature change. Climate scientists use temperature anomalies because, while tem-peratures vary widely over geographical loca-tion, temperature anomalies typically vary less. For example, in a particular month it might be 80°F in New York, and 70 °F in Toronto, but 
the anomaly from the benchmark time might be 1°F in both places. Thus, variance is lower 
when researchers average temperature anoma-lies over many geographic locations, than when they use absolute temperatures. Figure 2 shows climate model simulation runs, and observation data, averaged over many geographical loca-tions, and many times in a year, yielding one value for a global mean temperature anomaly per year. In this case, researchers baselined the benchmark over the period 1951–1980 (one can convert between benchmark eras by subtract-ing a constant). The figure shows the climate model predictions we used as input to our glob-al annual experiments, where the thick red line is the mean prediction over all models, in both plots. The thick blue line indicates the true observations.
We obtained our results on Tracking  Climate 
Models (TCM)
1 by applying the Learn- a 
 algorithm,10 which tracks a shifting sequence 
of temperature values with respect to “expert” predictions, which we used to represent the  climate models.
1 In our previous work,10 bring-
ing a view from probabilistic graphical models to bear on traditional algorithms for  “online learning with expert advice,”
11,12 we re-derived 
such algorithms as Bayesian updates of a Hid-den  Markov Model (HMM), in which the 
identity of the current best expert is the hidden variable. This allowed us to introduce an algo-rithm that learns the switching rate between 
best experts, while simultaneously performing the original prediction task.
10 When we apply 
the Learn- a algorithm to the climate-model 
setting, the algorithm learns hierarchically, based on a set of generalized HMMs, where the hidden variable is the current best climate model’s identity.
We ran experiments on NASA’s histori-
cal temperature data (http://data.giss.nasa.gov/gistemp), averaged annually and globally, from 1900 through 2009, as well as the cor-responding predictions of 20 different climate models per year (from the CMIP3 archive at www- pcmdi.llnl.gov/ipcc/about_ipcc.php). 
These model simulations started from an ap-proximately stable climate in the 19th centu-ry, and were stepped forward using estimates of changes in the external drivers of climate change (greenhouse gases, volcanoes, atmo-spheric particulates, land-use changes, and so on). However, the model dynamics self-gen-erate the month-to-month and year-to-year variability. The GCM output wasn’t informed by observations, therefore it’s valid to run his-torical experiments using the GCM ensemble p r e d i c t i v e l y  o n  h i s t o r i c a l  d a t a .  W e  a l s o  r a n  experiments using climate model predictions through the year 2098, in order to harness the climate models’ future predictions. Of course, there’s no observation data in the future with which we could evaluate the machine learning algorithms. So, to achieve this goal, we ran fu-ture simulations using the scientific communi-ty’s “perfect model” assumption; we fixed one climate model, then used its predictions as the quantity to learn based only on the remaining 19 climate models’ predictions (and repeated this process 10 times). 
We also ran experiments at higher spatial 
and temporal granularity. We used hind-casts of the IPCC global climate models and the analogous true observations, over spe-cific geographical regions corresponding to several continents, at monthly and annual time scales. The predicted quantity was still a temperature anomaly. However, the data SEPTEMBER /OCTOBER  2013   35was averaged over a smaller geographical re-
gion than the whole globe; in particular, we ran experiments for latitude-longitude boxes corresponding to  Africa, Europe, and North 
Am e r i c a .  In  a d d i ti o n  t o  a nn u a l  e xp e r i m e n t s ,  we also ran experiments using monthly aver-a g e s  i n  e a c h  o f  th e  r e gi o n s .  N AS A  p r o vi d e d  observed data (http://data.giss.nasa.gov/gis-temp) and the  Koninklijk Nederlands Meteo-
rologisch Instituut (KNMI) Climate Explorer (http://climexp.knmi.nl) provided the model- prediction data. Both model and observation d a t a  s p a n n e d  f r o m  J a n u a r y  1 9 0 0  t h r o u g h  
O c t o b e r  2 0 1 0  ( 1 , 3 3 0  m o n t h s ) .  W e  a l s o  u s e d  monthly regional model predictions through the year 2098 to run six future simulations on 2,376 months (starting in 1900).
In every experiment we ran, Learn- a had a 
lower mean annual prediction error than the current default practice in climate science, which is to average over all the climate model predictions. Furthermore, Learn- a surpassed 
the best climate model’s performance in all but two experiments (historical global  annual Figure 2. Global mean temperature anomalies. (a) Climate model predictions through 2098, with observations 
through 2008. The black vertical line separates past (hindcasts) from future predictions. (b) Here, we zoom in on observations and model predictions through 2008. The legends refer to both figures.Time in years (1900–2098)Global mean temperature anomalies
1920–0.50.5
01.5
12.53
23.5 CCMA CGCM3.1 
GISS MODEL E R 
MPI ECHAM5
MRI CGCM2.3.2A 
NCAR CCSM3.0
NCAR PCM1 GISS AOM GISS MODEL E HIAP FGOALS 1.0 G MIROC3.2 MEDRES MIUB ECHO G 
CNRM CM3 CSIRO MK3.0CSIRO MK3.5GFDL CM2.0  GDFL CM2.1 INGV ECHAM4
INMCM3.0 
MIROC3.2 HIRESUKMO HADCM3 44.5
1940 1960 1980 2000 2020 2040 2060 2080Global mean temperature anomalies 
–0.8–0.6–0.4–0.20.20.40.60.811.2
0
Time in years (1900–2008)1910 1920 1930 1940 1950 1960 1970 1980 1990 2000(a)
(b)Thick blue: observed 
Thick red: average over 20 climate model predictionsBlack (vertical) line: separates past from future 36 COMPUTING  IN SCIENCE  & E NGINEERINGand historical monthly Africa). Even then, 
Learn- a nearly matched the performance of 
the best climate model. Similarly, Learn- a 
surpassed (batch) least-squares linear regres-sion in all but two experiments (a global an-nual future simulation and a monthly future simulation for North America) and, again, its performance was still close. Learn- a’s outper-
formance of batch linear regression on almost all experiments suggests that the data’s non-stationary nature, coupled with the limited amount of historical data, poses challenges to a naive batch algorithm. Further experiments with a variety of different batch-learning algo-rithms would test this hypothesis (we recently achieved encouraging results using sparse matrix completion, an unsupervised batch technique).
13
The plots in Figure 3 show squared  error 
between predictions and (simulated) observa-tions, from 1900–2098, on a future simulation using global annual temperature anomalies. We plot Learn- a’s learning curve against the 
best and worst climate models’ performance (from the remaining ensemble, computed in hindsight), and the performance of the aver-age prediction over the ensemble of remaining climate models. Learn- a successfully predicts 
one climate model’s predictions up to the year 2098, which is notable, because future predic-tions vary widely among the climate models. We ran 10 future simulations with global an-nual temperature anomalies, each with a dif-ferent climate model providing the simulated observations. In each simulation, Learn- a suf-
fers less prediction error than the mean over the remaining models’ predictions, on 75–90 percent of the years. Figure 2 shows a marked fan-out among the model predictions that in-creases into the future. Over time, the model predictions’ mean performance diverges from most individual model trajectories. In the his-torical global annual experiment, Learn- a  
suffers less prediction error than the model  predictions’ mean for more than 75 percent of 
the years.
Geospatially Tracking Climate Models
Previous work provided techniques to combine the predictions of the multi-model  ensemble, 
at various geographic scales, by considering each geospatial region as an independent prob-lem.
1,7 However, climate patterns across the 
globe often vary significantly and  concurrently, 
so  assuming that each geospatial region is  independent could limit the performance 
of these previous approaches. We therefore  extended our work on the TCM  algorithm 
as follows:
1
rWe used a richer modeling framework that ac-
counts for GCM predictions at higher geospa-tial resolutions.
rUsing a nonhomogeneous HMM, we modeled 
the neighborhood influence among geospatial regions.
rWe ran experiments to validate these exten-
sions’ effectiveness.
We proposed a new algorithm: Neighbor-
hood-augmented Tracking Climate Models (NTCM).
3 This algorithm extends the TCM 
algorithm to operate in a setting where the GCM’s predictions are assessed at a higher spa-tial resolution. NTCM takes into account re-gional neighborhood influences when it forms predictions. The NTCM algorithm is fully de-scribed elsewhere,
3 and differs from TCM in 
two main ways:
rWe modified the Learn- a algorithm to include 
influence from a geospatial region’s neighbors in how the algorithm updates the weights over experts (the multi-model ensemble of GCMs’ predictions in that geospatial region).
rOur master algorithm runs multiple instances 
of this modified Learn-
a algorithm simulta-
neously, each on a different geospatial region, and uses their predictions to make a combined global prediction.
We modified the time-homogeneous HMM 
that generates the TCM algorithm1,10 in or-
der to model the neighborhood influence.3 
We instead use dynamically updated (nonho-mogeneous) transition dynamics (the proba-bilistic model of how the best climate model’s identity changes over time). These dynamics depend on a geospatial neighborhood scheme: the set of nearby regions that influence the re-gion in question. Researchers can use a variety of shapes and sizes to define the neighbor-hood scheme.
We first used a simple neighborhood scheme 
in which the four immediately adjacent re-gions (north, south, east, and west) are the geographical region’s possible neighbors.
3 We 
ran experiments with our algorithm on his-torical data,  using temperature observations and GCM  hindcasts. We  obtained historical SEPTEMBER /OCTOBER  2013   37climate model data from the CMIP3 archive 
(www-pcmdi.llnl.gov/ipcc/about_ipcc.php) us-ing the Climate of the 20th Century Experi-ment (20C3M). Figure 4 compares the new algorithm’s performance over time: NTCM (indicated in red and blue) using 45-degree square regions, versus global Learn- a (as in 
the original TCM algorithm,
1 indicated in 
black) in a graph illustrating cumulative an-nual prediction error. This graph indicates that, for most years, and in particular for years later in the time-sequence, the NTCM algo-rithm’s cumulative global prediction  error was 
less than that of the global Learn- a  algorithm used in TCM, with NTCM’s b /g34 1 variant (full 
 neighborhood  influence)  obtaining lower pre-
diction error than that of the b /g34 0 variant (no 
neighborhood influence).
Challenge Problems for 
 Climate  Informatics
Climate scientists are working on many dif-
ferent kinds of problems for which machine learning, and other computer science expertise, could potentially have a big impact. Here, we provide a brief description of a few examples (with a discussion of related work in the lit-erature) that typify these ideas, although any Figure 3. (a) The squared error between predictions and (simulated) observations, from 1900–2098, 
on a future simulation using global annual temperature anomalies. This shows the algorithm tracking the predictions of one climate model using the predictions of the remaining 19 as input, with no true temperature observations. The simulated observations are from the best-performing climate model from the whole ensemble (previously computed on historical data). The black vertical line separates past from future. (b) Here, the graph zooms in on the y axis.Squared lossSquared lossTime in years (1900–2008)200
0.45
0.4
0.35
0.3
0.25
0.2
0.15
0.1
0.05
012345
40 60 80 100 120 140 160 180
Time in years (1900–2008)20 40 60 80 100 120 140 160 180-
Worst expert
Best expertAverage prediction over 20 modelsLearn– α algorithm
Best expert
Average prediction over 20 modelsLearn– α algorithm(a)
(b)38 COMPUTING  IN SCIENCE  & E NGINEERING specific implementation mentioned shouldn’t 
be considered the last word. 
Improving Multi-Model Ensemble Predictions
As previously discussed, researchers have de-veloped and are improving multiple climate models; currently there are about 25 centers a c r o s s  t h e  g l o b e ,  m a n y  w i t h  m u l t i p l e  m o d -eling groups. Each model shares some basic features with some of the other models, but generally researchers design and indepen-dently implement unique models. In coor-dinated “Model Intercomparison Projects” (MIPs)—most usefully, the Coupled MIP (CMIP3, CMIP5), the Atmospheric Chemis-try and Climate MIP (ACCMIP), and the Pa-leoClimate MIP (PMIP3)—modeling groups  
attempt to perform analogous simulations with similar boundary conditions, but with multiple models. These multi-model ensem-bles offer the possibility to assess what features are robust across models. They also facilitate the study of the roles of internal variability, structural uncertainty, and scenario uncer-tainty in assessing predictions at different time and space scales. Finally, MIPs provide multiple opportunities for model- observation 
comparisons. Questions of  interest include 
the following:
rAre there “skill” metrics for present or past 
model simulations that are useful for future predictions?rAre there weighting strategies that maximize 
predictive skill? How would researchers explore this?
Weather and seasonal forecasts also raise these questions, but because of the long time scales involved in climate prediction, they’re more difficult for climate researchers to address.
8,14 
Our research provides an example of how re-searchers can use the MME to predict climate change.
1,3,9,13
Parameterization Development
Clima te  m od e ls  n e e d  t o  be  a b l e  t o  m od e l  th e relevant physics at all scales, even those finer than any finite model can currently resolve. Ex-amples include cloud formation, turbulence in the ocean, land surface heterogeneity, ice floe interactions, and chemistry on dust particle surfaces, to name a few. Typically, scientists, using physical intuition and limited calibration data, dealt with these phenomena by using pa-rameterizations (physically coherent approxi-mations of the bulk effects) that attempted to capture the phenomenology of a specific pro-cess, and its sensitivity in terms of the (resolved) large scales. As observational data become more available, and direct numerical simulations of key processes become more tractable, the po-tential for machine learning and data mining techniques to help define and automate new pa-rameterizations and frameworks is increasing. For example, some researchers have used  neural 
network frameworks to develop atmospheric radiation models for use in GCMs.
15
Paleo Reconstructions
Understanding how climate varied in the past, before the onset of widespread instrumentation, is of great interest to climate scientists. The cli-mate changes seen in the Paleo record dwarf those in the 20th century, and hence could pro-vide insight into the significant changes we ex-pect this century. However, Paleo data are even sparser than instrumental data, and they aren’t usually directly commensurate with the in-strumental record. Paleo records (such as water isotopes, tree rings, pollen counts, and so on) could indicate climate change by proxy, but of-ten nonclimatic influences affect their behavior, and sometimes their relationships to more stan-dard variables (such as temperature or precipita-tion) are nonstationary or convolved. Scientists face an enormous challenge in bringing togeth-er disparate, multiproxy evidence to  discover Figure 4. Comparison of the Neighborhood-augmented Tracking 
Climate Models (NTCM) algorithm’s performance over time. The cumulative annual prediction error of NTCM is shown, using 45-degree square cells, compared to Learn- a’s prediction error.18901.6
1.41.2
1
0.80.60.40.2
0
1900 1910 1920 1930 1940 1950 1960 1970 1980 1990 2000Global learn–alpha 
45-degree cells, Beta = 0
45-degree cells, Beta = 1
Global learn–alpha 
45-degree cells, Beta = 0
45-degree cells, Beta = 1
SEPTEMBER /OCTOBER  2013   39large-scale patterns of climate change—or, in 
contrast, in building models with enough “for-ward modeling” capability that they can use the proxies directly as modeling targets.
16
Data Assimilation and Initialized  
Decadal Predictions
The main way in which sparse observational 
data is used to construct complete fields is through data assimilation .  T h i s  fi e l d  o f  r e -
search concerns how to update physics-based models with observed data, and includes such technology as the ensemble Kalman filter.
17 
Data assimilation is a staple of weather fore-casts, and the various re-analyses in the at-m o s p h e r e  a n d  o c e a n .  I n  m a n y  w a y s ,  t h i s  i s  the most sophisticated use of the combina-tion of models and observations, but its use in improving climate predictions is still in its infancy. For weather time scales, this works well. For longer-term forecasts (seasons to de-cades) the key variables are in the ocean, not the atmosphere; climate scientists have yet to fully develop a climate model initalization in which the evolution of ocean variability mod-els the real world in useful ways.
18,19 Climate 
scientists find the early results intriguing, if not convincing, and many more examples are slated to come online in the new CMIP5 archive.
20
Advances in data assimilation could also ben-
efit other areas of computer science. In robotics, for example, when a robot uses a physics-based model for the dynamics governing its move-ment, often it must also incorporate informa-tion gleaned from the onboard sensors, and, in some cases, additional real-time instructions from a human controller.
Developing and Understanding Perturbed 
Physics Ensembles (PPE)
The spread among different model predictions 
from different modeling groups is one way to measure the models’ “structural uncertainty.” However, we can’t consider these models a controlled random sample from the space of all plausible models. An approach that leads to a more accurately characterized  ensemble is 
to take a single model, and vary multiple ( un-certain) parameters within the code, generat-ing a family of similar models that nonetheless sample a good deal of the intrinsic uncertainty that arises when we choose any specific set of parameter values. Researchers have  successfully 
used these Perturbed Physics Ensembles (PPEs) in the Climateprediction.net and Quantifying 
 Uncertainty in Model Predictions (QUMP) 
projects to generate controlled model ensem-bles that they can systematically compare to observed data, and then make inferences.
21,22 
However, designing such experiments and ef-ficiently analyzing sometimes thousands of simulations is a challenge, but one which is in-creasingly going to be attempted.
We hope that this article encour-ages future work, not only on some of the challenge problems proposed here, but also on new 
problems in climate informatics. A huge and varied amount of climate data is available, pro-viding a rich and fertile playground for future machine learning and data mining research. Even exploratory data analysis could prove use-ful for accelerating discovery. There are count-less collaborations possible at this intersection of climate science and machine learning, data mining, and statistics. We strongly encourage future progress on a range of emerging prob-lems in climate informatics. 
Acknowledgments
Thanks to Shailesh Saroha and Eva Asplund for their 
work aiding our research.1 We acknowledge the 
modeling groups, the Program for Climate Model Diagnosis and Intercomparison (PCMDI), and the World Climate Research Programme’s (WRCP’s) Working Group on Coupled Modeling (WGCM) for their roles in making available the WCRP Coupled Model Intercomparison Project version 3 (CMIP3) multi-model dataset, which is supported by the US Department of Energy’s Ofﬁce of Science.
References
1. C. Monteleoni et al., “Tracking Climate Models,” 
 Statistical Analysis and Data Mining , vol. 4, no. 4, 
2011, pp. 372–392.
2. C. Monteleoni et al., “Climate Informatics,” Computa-
tional Intelligent Data Analysis for Sustainable Develop-ment; Data Mining and Knowledge Discovery Series , 
CRC Press, 2013, pp. 81–126.
3. S. McQuade and C. Monteleoni, “Global Climate 
Model Tracking Using Geospatial Neighborhoods,” Proc. 26th AAAI Conf. Artiﬁcial Intelligence,  AAAI, 2012, 
pp. 335–341.
4. G.A. Schmidt et al., “ Present Day Atmospheric 
 Simulations Using GISS ModelE: Comparison to In-
Situ, Satellite and Reanalysis Data,”  J. Climate , 2006, 
vol. 19, no. 2, pp. 153–192.40 COMPUTING  IN SCIENCE  & E NGINEERING5. S. Solomon et al., Climate Change 2007: The Physical 
Science Basis. Contribution of Working Group I to the Fourth Assessment Report of the Intergovernmental Panel on Climate Change,  Cambridge Univ. Press, 
2007.
6. T. Reichler and J. Kim, “How Well Do Coupled Models Simulate Today’s Climate?,” Bull. Am. 
 Meteorological Soc.,  vol. 89, no. 3, 2008, pp. 303–311; 
http://dx.doi.org/10.1175/BAMS-89-3-303.
7. C. Reifen and R. Toumi. “Climate Projections: 
Past Performance No Guarantee of Future Skill?” 
Geophysical Research Letters , vol. 36, no. 13, 2009; 
doi:10.1029/2009GL038082.
8. R. Knutti et al., Expert Meeting on Assessing and Com-
bining Multi Model Climate Projections: Good Practice Guidance Paper on Assessing and Combining Multi Model Climate Projections , meeting report, Intergov-
ernmental Panel on Climate Change (I PCC), 2010; 
www.ipcc-wg2.gov/meetings/EMs/I PCC_EM_MME_
Good PracticeGuidance Paper.pdf.
9. C. Monteleoni, S. Saroha, and G. Schmidt, “Can 
Machine Learning Techniques Improve Forecasts?” Intergovernmental Panel on Climate Change (IPCC)  Expert Meeting on Assessing and Combining Multi-
Model Climate Projections , presentation, I PCC, 2010.
10. C. Monteleoni and T. Jaakkola, “Online Learning of 
Non-Stationary Sequences,” Proc. Advances in Neural 
Information Processing Systems , 2003; http://books.
nips.cc/papers/files/nips16/NI PS2003_LT04.pdf.
11. N. Littlestone and M.K. Warmuth, “The Weighted 
Majority Algorithm,” Proc. IEEE Symp. Foundations of 
Computer Science , IEEE CS, 1989, pp. 256–261.
12. M. Herbster and M.K. Warmuth, “Tracking the Best 
Expert,” Machine Learning , vol. 32, no. 2, 1998, 
pp.151–178.
13. M. Ghafarianzadeh and C. Monteleoni, “Climate Prediction via Matrix Completion,” Proc. 27th Conf. 
Artiﬁcial Intelligence, Late-Breaking Papers Track,  AAAI, 
2013, pp. 35–37 .
14. C. Tebaldi and R. Knutti, “The Use of the Multi-
Model Ensemble in Probabilistic Climate Projections 
in Probabilistic Climate Projections,” Philosophical 
Transactions of the Royal Soc. A , vol. 365, no. 1857, 
2007, pp. 2053–2075.
15. V.M. Krasnopolsky and M.S. Fox-Rabinovitz, “Complex Hybrid Models Combining Deterministic and Machine Learning Components for Numerical Climate Modeling and Weather Prediction,” Neural 
Networks , vol. 19, no. 2, 2006, pp. 122–134; 
doi:10.1016/j.neunet.2006.01.002.
16. G.A. Schmidt, A. LeGrande, and G. Hoffmann, “Water Isotope Expressions of Intrinsic and Forced Variability in a Coupled Ocean-Atmosphere Model,” J. Geophysical Research , vol. 112, no. D10, 2007; 
doi:10.1029/2006JD007781.17. G. Evensen, “Sequential Data Assimilation with a Nonlinear Quasi-Geostrophic Model Using Monte Carlo Methods to Forecast Error Statistics,”  J. Geophysical Research-All Series , vol. 99, no. C5, 
1994, pp. 10143–10162.
18. N.S. Keenlyside et al., “Advancing Decadal-Scale Climate Prediction in the North Atlantic Sector,” 
Nature , vol. 453, no. 7191, 2008, pp. 84–88.
19. D.M. Smith et al., “Improved Surface Temperature 
Prediction for the Coming Decade from a Global 
Climate Model,” Science , vol. 317, no. 5839, 2007, 
pp. 769–799.
20. G.A. Meehl et al., “Global Climate Projections,” 
Climate Change 2007: The Physical Science Basis , tech. 
report, S. Solomon et al., eds., Cambridge Univ. Press, 2007; www.ipcc.ch/publications_and_data/
ar4/wg1/en/ch10.html.
21. R. Knutti et al., “Constraining Climate Sensitivity from the Seasonal Cycle in Surface Temperature,” J. Climate , vol.  19, no. 17, 2007, pp. 4224–4233.
22. J.M. Murphy et al., “A Methodology for Probabilistic 
Predictions of Regional Climate Change from Per-
turbed Physics Ensembles,” Philosophical Trans. Royal 
Soc. A , vol. 365, no. 1857, 2007, pp. 1993–2028.
Claire Monteleoni  is an assistant professor of com-
puter science at George Washington University. Her 
research interests include machine learning algo-rithms and theory for problems including learning from data streams, raw (unlabeled) data, private data, and climate informatics. Monteleoni has a PhD in computer science from MIT. Contact her at  cmontel@gwu.edu.
Gavin A. Schmidt  is the deputy director at the NASA 
Goddard Institute for Space Studies. His main re-search interest lies in understanding climate variabil-ity, both its internal variability and its response to external forces. Schmidt has a PhD in applied mathe-matics from University College London. Contact him at gavin.a.schmidt@nasa.gov.
Scott McQuade  is a lead sensors systems engineer at 
MITRE Corporation and a doctoral candidate in com-puter science at George Washington University. His research interests include online learning, spatial learn-ing, and algorithm development. McQuade has an MS in computer science from George Washington Univer-sity. Contact him at mcquade@gwmail.gwu.edu.
Selected articles and columns from IEEE Computer 
Society publications are also available for free at 
http://ComputingNow.computer.org.","['32', 'article', 'peerreviewed', 'computing', 'science', 'e', 'ngineeringmachine', 'learning', 'climate', 'informatics', 'accelerating', 'discovering', 'climate', 'science', 'machine', 'learning', 'goal', 'climate', 'informatics', 'emerging', 'discipline', 'inspire', 'collaboration', 'climate', 'scientist', 'data', 'scientist', 'order', 'develop', 'tool', 'analyze', 'complex', 'evergrowing', 'amount', 'observed', 'simulated', 'climate', 'data', 'thereby', 'bridge', 'gap', 'data', 'understanding', 'here', 'recent', 'climate', 'informatics', 'work', 'discussed', 'along', 'ﬁeld’s', 'remaining', 'challenge', 'impact', 'present', 'potential', 'future', 'climate', 'change', 'pose', 'important', 'scientific', 'societal', 'challenge', 'scientist', 'observed', 'change', 'temperature', 'sea', 'ice', 'sea', 'level', 'attributed', 'change', 'human', 'activity', 'urgent', 'international', 'priority', 'improve', 'understanding', 'climate', 'system—a', 'system', 'characterized', 'complex', 'phenomenon', 'difficult', 'observe', 'even', 'difficult', 'simulate', 'despite', 'increasing', 'availability', 'computational', 'resource', 'curr', 'e', 'n', 'n', 'l', 'c', 'l', 'l', 'h', 'v', 'e', 'b', 'e', 'e', 'n', 'u', 'p', 'c', 'e', 'b', 'evergrowing', 'amount', 'observed', 'climate', 'data', 'satellite', 'environmental', 'sensor', 'climatemodel', 'simulation', 'computational', 'approach', 'therefore', 'indispensable', 'analysis', 'challenge', 'goal', 'fledgling', 'research', 'discipline', 'climate', 'informatics', 'inspire', 'collaboration', 'climate', 'scientist', 'data', 'scientist', 'machine', 'learning', 'statistic', 'data', 'mining', 'researcher', 'thus', 'bridge', 'gap', 'data', 'understanding', 'research', 'climate', 'informatics', 'accelerate', 'discovery', 'answer', 'pressing', 'question', 'climate', 'science', 'machine', 'learning', 'active', 'research', 'area', 'interface', 'computer', 'science', 'statistic', 'goal', 'machine', 'learning', 'research', 'develop', 'algorithm', 'automated', 'technique', 'detect', 'pattern', 'data', 'algorithm', 'critical', 'range', 'technology', 'including', 'web', 'search', 'recommendation', 'system', 'personalized', 'internet', 'advertising', 'computer', 'vision', 'natural', 'language', 'processing', 'machine', 'learning', 'also', 'benefit', 'natural', 'science', 'biology', 'interdisciplinary', 'bioinformatics', 'field', 'facilitated', 'many', 'discovery', 'genomics', 'proteomics', 'impact', 'machine', 'learning', 'climate', 'science', 'potential', 'similarly', 'profound', 'here', 'focus', 'specifically', 'challenge', 'climate', 'modeling', 'however', 'myriad', 'collaboration', 'possible', 'intersection', 'two', 'field', 'recent', 'work', 'reveals', 'collaboration', 'climate', 'scientist', 'also', 'generate', 'interesting', 'new', 'problem', 'machine', 'learning', '1', 'broaden', 'discussion', 'propose', 'challenge', 'problem', 'climate', 'informatics', '15219615133100', '©', '2013', 'ieee', 'copublished', 'ieee', 'c', 'aip', 'claire', 'monteleoni', 'george', 'washington', 'university', 'gavin', 'a', 'schmidt', 'nasa', 'goddard', 'institute', 'space', 'study', 'scott', 'mcquade', 'george', 'washington', 'universityseptember', 'october', '2013', '33of', 'discus', 'detail', 'elsewhere2', 'review', 'recent', 'success', 'climate', 'informatics', 'climate', 'scientist', 'machine', 'learning', 'data', 'mining', 'statistic', 'researcher', 'discus', 'topic', 'climate', 'informatics', 'workshop', 'an', 'annual', 'event', 'launched', '2011', 'prior', 'work', 'including', 'survey', 'provides', 'discussion', 'related', 'work', 'climate', 'informatics', '13', 'additional', 'resource', 'available', 'climate', 'informatics', 'wiki', 'httpsitesgooglecomsite1stclimateinformatics', 'climate', 'modeling', 'climate', 'scientist', 'use', 'climate', 'model', 'largescale', 'mathematical', 'model', 'run', 'computer', 'simulation', 'understand', 'predict', 'climate', 'geophysical', 'expert', 'including', 'climate', 'scientist', 'meteorologist', 'encode', 'data', 'observed', 'process', 'highly', 'complex', 'nonlinear', 'mathematical', 'model', 'shown', 'figure', '1', 'general', 'circulation', 'model', 'gcm', 'includes', 'numerous', 'individual', 'climateprocess', 'model', 'cloud', 'formation', 'rainfall', 'wind', 'ocean', 'current', 'radiative', 'heat', 'transfer', 'atmosphere', 'result', 'emergent', 'model', 'sensitivity', 'climate', 'increasing', 'greenhouse', 'gas', 'crucial', 'researcher', 'trying', 'project', 'forecast', 'earth’s', 'climate', '4', 'it', 'im', 'portant', 'note', 'whereas', 'machine', 'learning', 'data', 'mining', 'statistic', 'term', 'model', 'typi', 'cally', 'mean', 'datadriven', 'climate', 'modeling', 'term', 'refers', 'system', 'mathematical', 'model', 'based', 'scientific', 'first', 'principle', 'global', 'climate', 'modeling', 'effort', 'began', '1970s', 'model', 'become', 'complex', 'computational', 'resource', 'evolved', 'currently', '25', 'laboratory', 'across', 'world', 'support', 'almost', '50', 'climate', 'model', 'forming', 'basis', 'climate', 'projection', 'prediction', 'assessed', 'intergovernmental', 'panel', 'climate', 'change', 'ipcc', 'established', 'united', 'nation', '1988', 'received', '2007', 'nobel', 'peace', 'prize', 'shared', 'former', 'vice', 'president', 'al', 'gore', 'climate', 'scientist', 'initially', 'developed', 'coupled', 'model', 'intercomparison', 'project', 'version', '3', 'cmip3', 'archive', 'support', 'ipcc', 'fourth', 'assessment', 'report', '5', 'researcher', 'used', 'archive', '500', 'publication', 'it’s', 'rich', 'source', 'climate', 'simulation', 'output', 'cmip5', 'project', 'continues', 'tradition', 'making', 'global', 'climatemodel', 'prediction', 'easier', 'use', 'quite', 'significant', 'future', 'ipcc', 'report', 'multimodel', 'ensemble', 'mme', 'en', 'semble', 'climate', 'model', 'informs', 'ipcc', 'high', 'variance', 'model', 'predic', 'tions', 'variety', 'reason', 'different', 'team', 'scientist', 'designed', 'model', 'based', 'scientific', 'first', 'principle', 'led', 'difference', 'scope', 'discretization', 'assumption', 'included', 'science', 'coding', 'error', 'even', 'though', 'different', 'models’', 'prediction', 'vary', 'greatly', 'climate', 'scientist', 'observed', 'overall', 'average', 'prediction', 'over', 'multiple', 'quantity', 'performance', 'metric', 'time', 'period', 'consistent', 'one', 'model', '67', 'growing', 'interest', 'climatemodeling', 'community', 'better', 'way', 'combine', 'mme', 'prediction', 'well', 'method', 'ass', '“skill”', 'single', 'climate', 'model', 'quantifying', 'model’s', 'accuracy', 'naive', 'prediction', 'researcher', 'attempting', 'rank', 'weight', 'model', 'must', 'show', 'choice', 'meaningful', 'specific', 'context', 'one', 'approach', 'supported', 'climate', 'science', 'community', 'perfect', 'model', 'assumption', 'framework', 'researcher', 'assume', 'one', 'model', '“truth”', 'then', 'calibration', 'interval', 'evaluate', 'prediction', 'method', 'trained', 'simulated', 'observation', 'generated', '“true”', 'model', 'scientist', 'discussed', 'issue', 'ipcc', 'expert', 'meeting', 'assessing', 'combining', 'multimodel', 'climate', 'projection', '89figure', '1', 'global', 'climate', 'model', 'discretization', 'selection', 'included', 'physical', 'process', 'u', 'national', 'oceanic', 'atmospheric', 'administration', 'noaa', 'website', 'offer', 'information', 'much', 'concerning', 'climate', 'change', 'httpcelebrating200yearsnoaagovbreakthroughsclimatemodelwelcomehtml', 'continenthorizontal', 'grid', 'latitude–longitude', 'vertical', 'grid', 'height', 'pressure', 'physical', 'process', 'model', 'solar', 'radiationterrestrial', 'radiation', 'advection', 'momentumsnow', 'mixed', 'layer', 'ocean', 'advection', 'oceanheat', 'water', 'sea', 'iceatmosphere34', 'computing', 'science', 'e', 'ngineeringtracking', 'climate', 'model', 'research', 'applies', 'machine', 'learning', 'al', 'gorithms', 'problem', 'tracking', 'multimodel', 'ensemble', '139', 'result', 'tem', 'perature', 'data', 'observed', 'predicted', 'temperature', 'anomaly', 'averaged', 'global', 'regional', 'annual', 'monthly', 'scale', 'show', 'algorithm', 'produce', 'prediction', 'nearly', 'match', 'sometimes', 'surpass', 'result', 'best', 'model', 'entire', 'observation', 'sequence', 'significant', 'hindsight', 'one', 'determine', 'best', 'model', 'whole', 'observation', 'sequence', 'used', 'online', 'learning', 'algorithm', 'goal', 'making', 'realtime', 'future', 'prediction', 'moreover', 'research', 'show', 'naive', '“batch”', 'approach', 'disadvantage', 'due', 'nonstationary', 'nature', 'observation', 'relatively', 'short', 'history', 'model', 'prediction', 'data', 'climate', 'scientist', 'use', 'temperature', 'anoma', 'lie', 'express', 'climatemodel', 'prediction', 'true', 'observation', 'temperature', 'anomaly', 'difference', 'observed', 'temperature', 'temperature', 'location', 'fixed', 'benchmark', 'time', 'put', 'another', 'way', 'anomaly', 'measurement', 'temperature', 'change', 'climate', 'scientist', 'use', 'temperature', 'anomaly', 'because', 'temperature', 'vary', 'widely', 'geographical', 'location', 'temperature', 'anomaly', 'typically', 'vary', 'le', 'example', 'particular', 'month', 'might', '80°f', 'new', 'york', '70', '°f', 'toronto', 'anomaly', 'benchmark', 'time', 'might', '1°f', 'place', 'thus', 'variance', 'lower', 'researcher', 'average', 'temperature', 'anomaly', 'many', 'geographic', 'location', 'use', 'absolute', 'temperature', 'figure', '2', 'show', 'climate', 'model', 'simulation', 'run', 'observation', 'data', 'averaged', 'many', 'geographical', 'location', 'many', 'time', 'year', 'yielding', 'one', 'value', 'global', 'mean', 'temperature', 'anomaly', 'per', 'year', 'case', 'researcher', 'baselined', 'benchmark', 'period', '1951–1980', 'one', 'convert', 'benchmark', 'era', 'subtracting', 'constant', 'figure', 'show', 'climate', 'model', 'prediction', 'used', 'input', 'global', 'annual', 'experiment', 'thick', 'red', 'line', 'mean', 'prediction', 'model', 'plot', 'thick', 'blue', 'line', 'indicates', 'true', 'observation', 'obtained', 'result', 'tracking', 'climate', 'model', 'tcm', '1', 'applying', 'learn', 'algorithm10', 'track', 'shifting', 'sequence', 'temperature', 'value', 'respect', '“expert”', 'prediction', 'used', 'represent', 'climate', 'model', '1', 'previous', 'work10', 'bring', 'ing', 'view', 'probabilistic', 'graphical', 'model', 'bear', 'traditional', 'algorithm', '“online', 'learning', 'expert', 'advice”', '1112', 'rederived', 'algorithm', 'bayesian', 'update', 'hidden', 'markov', 'model', 'hmm', 'identity', 'current', 'best', 'expert', 'hidden', 'variable', 'allowed', 'u', 'introduce', 'algorithm', 'learns', 'switching', 'rate', 'best', 'expert', 'simultaneously', 'performing', 'original', 'prediction', 'task', '10', 'apply', 'learn', 'algorithm', 'climatemodel', 'setting', 'algorithm', 'learns', 'hierarchically', 'based', 'set', 'generalized', 'hmms', 'hidden', 'variable', 'current', 'best', 'climate', 'model’s', 'identity', 'ran', 'experiment', 'nasa’s', 'histori', 'cal', 'temperature', 'data', 'httpdatagissnasagovgistemp', 'averaged', 'annually', 'globally', '1900', '2009', 'well', 'corresponding', 'prediction', '20', 'different', 'climate', 'model', 'per', 'year', 'from', 'cmip3', 'archive', 'www', 'pcmdillnlgovipccaboutipccphp', 'model', 'simulation', 'started', 'approximately', 'stable', 'climate', '19th', 'century', 'stepped', 'forward', 'using', 'estimate', 'change', 'external', 'driver', 'climate', 'change', 'greenhouse', 'gas', 'volcano', 'atmospheric', 'particulate', 'landuse', 'change', 'on', 'however', 'model', 'dynamic', 'selfgenerate', 'monthtomonth', 'yeartoyear', 'variability', 'gcm', 'output', 'wasn’t', 'informed', 'observation', 'therefore', 'it’s', 'valid', 'run', 'historical', 'experiment', 'using', 'gcm', 'ensemble', 'p', 'r', 'e', 'c', 'v', 'e', 'l', 'n', 'h', 'r', 'c', 'l', 'w', 'e', 'l', 'r', 'n', 'experiment', 'using', 'climate', 'model', 'prediction', 'year', '2098', 'order', 'harness', 'climate', 'models’', 'future', 'prediction', 'course', 'there’s', 'observation', 'data', 'future', 'could', 'evaluate', 'machine', 'learning', 'algorithm', 'so', 'achieve', 'goal', 'ran', 'future', 'simulation', 'using', 'scientific', 'community’s', '“perfect', 'model”', 'assumption', 'fixed', 'one', 'climate', 'model', 'used', 'prediction', 'quantity', 'learn', 'based', 'remaining', '19', 'climate', 'models’', 'prediction', 'and', 'repeated', 'process', '10', 'time', 'also', 'ran', 'experiment', 'higher', 'spatial', 'temporal', 'granularity', 'used', 'hindcasts', 'ipcc', 'global', 'climate', 'model', 'analogous', 'true', 'observation', 'specific', 'geographical', 'region', 'corresponding', 'several', 'continent', 'monthly', 'annual', 'time', 'scale', 'predicted', 'quantity', 'still', 'temperature', 'anomaly', 'however', 'data', 'september', 'october', '2013', '35was', 'averaged', 'smaller', 'geographical', 're', 'gion', 'whole', 'globe', 'particular', 'ran', 'experiment', 'latitudelongitude', 'box', 'corresponding', 'africa', 'europe', 'north', 'e', 'r', 'c', 'ti', 'n', 'nn', 'u', 'l', 'e', 'xp', 'e', 'r', 'e', 'n', 'also', 'ran', 'experiment', 'using', 'monthly', 'avera', 'g', 'e', 'n', 'e', 'c', 'h', 'f', 'th', 'e', 'r', 'e', 'gi', 'n', 'n', 'p', 'r', 'vi', 'e', 'observed', 'data', 'httpdatagissnasagovgistemp', 'koninklijk', 'nederland', 'meteo', 'rologisch', 'instituut', 'knmi', 'climate', 'explorer', 'httpclimexpknminl', 'provided', 'model', 'prediction', 'data', 'model', 'observation', 'p', 'n', 'n', 'e', 'f', 'r', 'j', 'n', 'u', 'r', '1', '9', '0', '0', 'h', 'r', 'u', 'g', 'h', 'c', 'b', 'e', 'r', '2', '0', '1', '0', '1', '3', '3', '0', 'n', 'h', 'w', 'e', 'l', 'u', 'e', 'monthly', 'regional', 'model', 'prediction', 'year', '2098', 'run', 'six', 'future', 'simulation', '2376', 'month', 'starting', '1900', 'every', 'experiment', 'ran', 'learn', 'lower', 'mean', 'annual', 'prediction', 'error', 'current', 'default', 'practice', 'climate', 'science', 'average', 'climate', 'model', 'prediction', 'furthermore', 'learn', 'surpassed', 'best', 'climate', 'model’s', 'performance', 'two', 'experiment', 'historical', 'global', 'annual', 'figure', '2', 'global', 'mean', 'temperature', 'anomaly', 'a', 'climate', 'model', 'prediction', '2098', 'observation', '2008', 'black', 'vertical', 'line', 'separate', 'past', 'hindcasts', 'future', 'prediction', 'b', 'here', 'zoom', 'observation', 'model', 'prediction', '2008', 'legend', 'refer', 'figurestime', 'year', '1900–2098global', 'mean', 'temperature', 'anomaly', '1920–0505', '015', '1253', '235', 'ccma', 'cgcm31', 'gi', 'model', 'e', 'r', 'mpi', 'echam5', 'mri', 'cgcm232a', 'ncar', 'ccsm30', 'ncar', 'pcm1', 'gi', 'aom', 'gi', 'model', 'e', 'hiap', 'fgoals', '10', 'g', 'miroc32', 'medres', 'miub', 'echo', 'g', 'cnrm', 'cm3', 'csiro', 'mk30csiro', 'mk35gfdl', 'cm20', 'gdfl', 'cm21', 'ingv', 'echam4', 'inmcm30', 'miroc32', 'hiresukmo', 'hadcm3', '445', '1940', '1960', '1980', '2000', '2020', '2040', '2060', '2080global', 'mean', 'temperature', 'anomaly', '–08–06–04–0202040608112', '0', 'time', 'year', '1900–20081910', '1920', '1930', '1940', '1950', '1960', '1970', '1980', '1990', '2000a', 'bthick', 'blue', 'observed', 'thick', 'red', 'average', '20', 'climate', 'model', 'predictionsblack', 'vertical', 'line', 'separate', 'past', 'future', '36', 'computing', 'science', 'e', 'ngineeringand', 'historical', 'monthly', 'africa', 'even', 'then', 'learn', 'nearly', 'matched', 'performance', 'best', 'climate', 'model', 'similarly', 'learn', 'surpassed', 'batch', 'leastsquares', 'linear', 'regression', 'two', 'experiment', 'a', 'global', 'annual', 'future', 'simulation', 'monthly', 'future', 'simulation', 'north', 'america', 'and', 'again', 'performance', 'still', 'close', 'learn', 'a’s', 'outper', 'formance', 'batch', 'linear', 'regression', 'almost', 'experiment', 'suggests', 'data’s', 'nonstationary', 'nature', 'coupled', 'limited', 'amount', 'historical', 'data', 'pose', 'challenge', 'naive', 'batch', 'algorithm', 'experiment', 'variety', 'different', 'batchlearning', 'algorithm', 'would', 'test', 'hypothesis', 'we', 'recently', 'achieved', 'encouraging', 'result', 'using', 'sparse', 'matrix', 'completion', 'unsupervised', 'batch', 'technique', '13', 'plot', 'figure', '3', 'show', 'squared', 'error', 'prediction', 'simulated', 'observation', '1900–2098', 'future', 'simulation', 'using', 'global', 'annual', 'temperature', 'anomaly', 'plot', 'learn', 'a’s', 'learning', 'curve', 'best', 'worst', 'climate', 'models’', 'performance', 'from', 'remaining', 'ensemble', 'computed', 'hindsight', 'performance', 'average', 'prediction', 'ensemble', 'remaining', 'climate', 'model', 'learn', 'successfully', 'predicts', 'one', 'climate', 'model’s', 'prediction', 'year', '2098', 'notable', 'future', 'prediction', 'vary', 'widely', 'among', 'climate', 'model', 'ran', '10', 'future', 'simulation', 'global', 'annual', 'temperature', 'anomaly', 'different', 'climate', 'model', 'providing', 'simulated', 'observation', 'simulation', 'learn', 'suf', 'fers', 'le', 'prediction', 'error', 'mean', 'remaining', 'models’', 'prediction', '75–90', 'percent', 'year', 'figure', '2', 'show', 'marked', 'fanout', 'among', 'model', 'prediction', 'increase', 'future', 'time', 'model', 'predictions’', 'mean', 'performance', 'diverges', 'individual', 'model', 'trajectory', 'historical', 'global', 'annual', 'experiment', 'learn', 'suffers', 'le', 'prediction', 'error', 'model', 'predictions’', 'mean', '75', 'percent', 'year', 'geospatially', 'tracking', 'climate', 'model', 'previous', 'work', 'provided', 'technique', 'combine', 'prediction', 'multimodel', 'ensemble', 'various', 'geographic', 'scale', 'considering', 'geospatial', 'region', 'independent', 'problem', '17', 'however', 'climate', 'pattern', 'across', 'globe', 'often', 'vary', 'significantly', 'concurrently', 'assuming', 'geospatial', 'region', 'independent', 'could', 'limit', 'performance', 'previous', 'approach', 'therefore', 'extended', 'work', 'tcm', 'algorithm', 'follows', '1', 'r\x01we', 'used', 'richer', 'modeling', 'framework', 'ac', 'count', 'gcm', 'prediction', 'higher', 'geospatial', 'resolution', 'r\x01using', 'nonhomogeneous', 'hmm', 'modeled', 'neighborhood', 'influence', 'among', 'geospatial', 'region', 'r\x01we', 'ran', 'experiment', 'validate', 'exten', 'sions’', 'effectiveness', 'proposed', 'new', 'algorithm', 'neighbor', 'hoodaugmented', 'tracking', 'climate', 'model', 'ntcm', '3', 'algorithm', 'extends', 'tcm', 'algorithm', 'operate', 'setting', 'gcm’s', 'prediction', 'assessed', 'higher', 'spatial', 'resolution', 'ntcm', 'take', 'account', 'regional', 'neighborhood', 'influence', 'form', 'prediction', 'ntcm', 'algorithm', 'fully', 'described', 'elsewhere', '3', 'differs', 'tcm', 'two', 'main', 'way', 'r\x01we', 'modified', 'learn', 'algorithm', 'include', 'influence', 'geospatial', 'region’s', 'neighbor', 'algorithm', 'update', 'weight', 'expert', 'the', 'multimodel', 'ensemble', 'gcms’', 'prediction', 'geospatial', 'region', 'r\x01our', 'master', 'algorithm', 'run', 'multiple', 'instance', 'modified', 'learn', 'algorithm', 'simulta', 'neously', 'different', 'geospatial', 'region', 'us', 'prediction', 'make', 'combined', 'global', 'prediction', 'modified', 'timehomogeneous', 'hmm', 'generates', 'tcm', 'algorithm110', 'or', 'der', 'model', 'neighborhood', 'influence3', 'instead', 'use', 'dynamically', 'updated', 'nonhomogeneous', 'transition', 'dynamic', 'the', 'probabilistic', 'model', 'best', 'climate', 'model’s', 'identity', 'change', 'time', 'dynamic', 'depend', 'geospatial', 'neighborhood', 'scheme', 'set', 'nearby', 'region', 'influence', 'region', 'question', 'researcher', 'use', 'variety', 'shape', 'size', 'define', 'neighborhood', 'scheme', 'first', 'used', 'simple', 'neighborhood', 'scheme', 'four', 'immediately', 'adjacent', 'region', 'north', 'south', 'east', 'west', 'geographical', 'region’s', 'possible', 'neighbor', '3', 'ran', 'experiment', 'algorithm', 'historical', 'data', 'using', 'temperature', 'observation', 'gcm', 'hindcasts', 'obtained', 'historical', 'september', 'october', '2013', '37climate', 'model', 'data', 'cmip3', 'archive', 'wwwpcmdillnlgovipccaboutipccphp', 'using', 'climate', '20th', 'century', 'experiment', '20c3m', 'figure', '4', 'compare', 'new', 'algorithm’s', 'performance', 'time', 'ntcm', 'indicated', 'red', 'blue', 'using', '45degree', 'square', 'region', 'versus', 'global', 'learn', 'a', 'original', 'tcm', 'algorithm', '1', 'indicated', 'black', 'graph', 'illustrating', 'cumulative', 'annual', 'prediction', 'error', 'graph', 'indicates', 'that', 'year', 'particular', 'year', 'later', 'timesequence', 'ntcm', 'algorithm’s', 'cumulative', 'global', 'prediction', 'error', 'le', 'global', 'learn', 'algorithm', 'used', 'tcm', 'ntcm’s', 'b', 'g34', '1', 'variant', 'full', 'neighborhood', 'influence', 'obtaining', 'lower', 'pre', 'diction', 'error', 'b', 'g34', '0', 'variant', 'no', 'neighborhood', 'influence', 'challenge', 'problem', 'climate', 'informatics', 'climate', 'scientist', 'working', 'many', 'dif', 'ferent', 'kind', 'problem', 'machine', 'learning', 'computer', 'science', 'expertise', 'could', 'potentially', 'big', 'impact', 'here', 'provide', 'brief', 'description', 'example', 'with', 'discussion', 'related', 'work', 'literature', 'typify', 'idea', 'although', 'figure', '3', 'a', 'squared', 'error', 'prediction', 'simulated', 'observation', '1900–2098', 'future', 'simulation', 'using', 'global', 'annual', 'temperature', 'anomaly', 'show', 'algorithm', 'tracking', 'prediction', 'one', 'climate', 'model', 'using', 'prediction', 'remaining', '19', 'input', 'true', 'temperature', 'observation', 'simulated', 'observation', 'bestperforming', 'climate', 'model', 'whole', 'ensemble', 'previously', 'computed', 'historical', 'data', 'black', 'vertical', 'line', 'separate', 'past', 'future', 'b', 'here', 'graph', 'zoom', 'axissquared', 'losssquared', 'losstime', 'year', '1900–2008200', '045', '04', '035', '03', '025', '02', '015', '01', '005', '012345', '40', '60', '80', '100', '120', '140', '160', '180', 'time', 'year', '1900–200820', '40', '60', '80', '100', '120', '140', '160', '180', 'worst', 'expert', 'best', 'expertaverage', 'prediction', '20', 'modelslearn–', 'α', 'algorithm', 'best', 'expert', 'average', 'prediction', '20', 'modelslearn–', 'α', 'algorithma', 'b38', 'computing', 'science', 'e', 'ngineering', 'specific', 'implementation', 'mentioned', 'shouldn’t', 'considered', 'last', 'word', 'improving', 'multimodel', 'ensemble', 'prediction', 'previously', 'discussed', 'researcher', 'developed', 'improving', 'multiple', 'climate', 'model', 'currently', '25', 'center', 'c', 'r', 'h', 'e', 'g', 'l', 'b', 'e', 'n', 'w', 'h', 'u', 'l', 'p', 'l', 'e', 'eling', 'group', 'model', 'share', 'basic', 'feature', 'model', 'generally', 'researcher', 'design', 'independently', 'implement', 'unique', 'model', 'coordinated', '“model', 'intercomparison', 'projects”', 'mips—most', 'usefully', 'coupled', 'mip', 'cmip3', 'cmip5', 'atmospheric', 'chemistry', 'climate', 'mip', 'accmip', 'paleoclimate', 'mip', 'pmip3—modeling', 'group', 'attempt', 'perform', 'analogous', 'simulation', 'similar', 'boundary', 'condition', 'multiple', 'model', 'multimodel', 'ensemble', 'offer', 'possibility', 'ass', 'feature', 'robust', 'across', 'model', 'also', 'facilitate', 'study', 'role', 'internal', 'variability', 'structural', 'uncertainty', 'scenario', 'uncertainty', 'assessing', 'prediction', 'different', 'time', 'space', 'scale', 'finally', 'mips', 'provide', 'multiple', 'opportunity', 'model', 'observation', 'comparison', 'question', 'interest', 'include', 'following', 'r\x01are', '“skill”', 'metric', 'present', 'past', 'model', 'simulation', 'useful', 'future', 'predictionsr\x01are', 'weighting', 'strategy', 'maximize', 'predictive', 'skill', 'would', 'researcher', 'explore', 'this', 'weather', 'seasonal', 'forecast', 'also', 'raise', 'question', 'long', 'time', 'scale', 'involved', 'climate', 'prediction', 'they’re', 'difficult', 'climate', 'researcher', 'address', '814', 'research', 'provides', 'example', 'researcher', 'use', 'mme', 'predict', 'climate', 'change', '13913', 'parameterization', 'development', 'clima', 'te', 'od', 'e', 'l', 'n', 'e', 'e', 'b', 'l', 'e', 'od', 'e', 'l', 'th', 'e', 'relevant', 'physic', 'scale', 'even', 'finer', 'finite', 'model', 'currently', 'resolve', 'example', 'include', 'cloud', 'formation', 'turbulence', 'ocean', 'land', 'surface', 'heterogeneity', 'ice', 'floe', 'interaction', 'chemistry', 'dust', 'particle', 'surface', 'name', 'few', 'typically', 'scientist', 'using', 'physical', 'intuition', 'limited', 'calibration', 'data', 'dealt', 'phenomenon', 'using', 'parameterizations', 'physically', 'coherent', 'approximation', 'bulk', 'effect', 'attempted', 'capture', 'phenomenology', 'specific', 'process', 'sensitivity', 'term', 'resolved', 'large', 'scale', 'observational', 'data', 'become', 'available', 'direct', 'numerical', 'simulation', 'key', 'process', 'become', 'tractable', 'potential', 'machine', 'learning', 'data', 'mining', 'technique', 'help', 'define', 'automate', 'new', 'parameterizations', 'framework', 'increasing', 'example', 'researcher', 'used', 'neural', 'network', 'framework', 'develop', 'atmospheric', 'radiation', 'model', 'use', 'gcms', '15', 'paleo', 'reconstruction', 'understanding', 'climate', 'varied', 'past', 'onset', 'widespread', 'instrumentation', 'great', 'interest', 'climate', 'scientist', 'climate', 'change', 'seen', 'paleo', 'record', 'dwarf', '20th', 'century', 'hence', 'could', 'provide', 'insight', 'significant', 'change', 'expect', 'century', 'however', 'paleo', 'data', 'even', 'sparser', 'instrumental', 'data', 'aren’t', 'usually', 'directly', 'commensurate', 'instrumental', 'record', 'paleo', 'record', 'such', 'water', 'isotope', 'tree', 'ring', 'pollen', 'count', 'on', 'could', 'indicate', 'climate', 'change', 'proxy', 'often', 'nonclimatic', 'influence', 'affect', 'behavior', 'sometimes', 'relationship', 'standard', 'variable', 'such', 'temperature', 'precipitation', 'nonstationary', 'convolved', 'scientist', 'face', 'enormous', 'challenge', 'bringing', 'together', 'disparate', 'multiproxy', 'evidence', 'discover', 'figure', '4', 'comparison', 'neighborhoodaugmented', 'tracking', 'climate', 'model', 'ntcm', 'algorithm’s', 'performance', 'time', 'cumulative', 'annual', 'prediction', 'error', 'ntcm', 'shown', 'using', '45degree', 'square', 'cell', 'compared', 'learn', 'a’s', 'prediction', 'error189016', '1412', '1', '08060402', '0', '1900', '1910', '1920', '1930', '1940', '1950', '1960', '1970', '1980', '1990', '2000global', 'learn–alpha', '45degree', 'cell', 'beta', '0', '45degree', 'cell', 'beta', '1', 'global', 'learn–alpha', '45degree', 'cell', 'beta', '0', '45degree', 'cell', 'beta', '1', 'september', 'october', '2013', '39largescale', 'pattern', 'climate', 'change—or', 'contrast', 'building', 'model', 'enough', '“forward', 'modeling”', 'capability', 'use', 'proxy', 'directly', 'modeling', 'target', '16', 'data', 'assimilation', 'initialized', 'decadal', 'prediction', 'main', 'way', 'sparse', 'observational', 'data', 'used', 'construct', 'complete', 'field', 'data', 'assimilation', 'h', 'fi', 'e', 'l', 'f', 'r', 'e', 'search', 'concern', 'update', 'physicsbased', 'model', 'observed', 'data', 'includes', 'technology', 'ensemble', 'kalman', 'filter', '17', 'data', 'assimilation', 'staple', 'weather', 'forecast', 'various', 'reanalyses', 'atm', 'p', 'h', 'e', 'r', 'e', 'n', 'c', 'e', 'n', 'n', 'n', 'w', 'h', 'sophisticated', 'use', 'combination', 'model', 'observation', 'use', 'improving', 'climate', 'prediction', 'still', 'infancy', 'weather', 'time', 'scale', 'work', 'well', 'longerterm', 'forecast', 'season', 'decade', 'key', 'variable', 'ocean', 'atmosphere', 'climate', 'scientist', 'yet', 'fully', 'develop', 'climate', 'model', 'initalization', 'evolution', 'ocean', 'variability', 'model', 'real', 'world', 'useful', 'way', '1819', 'climate', 'scientist', 'find', 'early', 'result', 'intriguing', 'convincing', 'many', 'example', 'slated', 'come', 'online', 'new', 'cmip5', 'archive', '20', 'advance', 'data', 'assimilation', 'could', 'also', 'ben', 'efit', 'area', 'computer', 'science', 'robotics', 'example', 'robot', 'us', 'physicsbased', 'model', 'dynamic', 'governing', 'movement', 'often', 'must', 'also', 'incorporate', 'information', 'gleaned', 'onboard', 'sensor', 'and', 'case', 'additional', 'realtime', 'instruction', 'human', 'controller', 'developing', 'understanding', 'perturbed', 'physic', 'ensemble', 'ppe', 'spread', 'among', 'different', 'model', 'prediction', 'different', 'modeling', 'group', 'one', 'way', 'measure', 'models’', '“structural', 'uncertainty”', 'however', 'can’t', 'consider', 'model', 'controlled', 'random', 'sample', 'space', 'plausible', 'model', 'approach', 'lead', 'accurately', 'characterized', 'ensemble', 'take', 'single', 'model', 'vary', 'multiple', 'uncertain', 'parameter', 'within', 'code', 'generating', 'family', 'similar', 'model', 'nonetheless', 'sample', 'good', 'deal', 'intrinsic', 'uncertainty', 'arises', 'choose', 'specific', 'set', 'parameter', 'value', 'researcher', 'successfully', 'used', 'perturbed', 'physic', 'ensemble', 'ppes', 'climatepredictionnet', 'quantifying', 'uncertainty', 'model', 'prediction', 'qump', 'project', 'generate', 'controlled', 'model', 'ensemble', 'systematically', 'compare', 'observed', 'data', 'make', 'inference', '2122', 'however', 'designing', 'experiment', 'efficiently', 'analyzing', 'sometimes', 'thousand', 'simulation', 'challenge', 'one', 'increasingly', 'going', 'attempted', 'hope', 'article', 'encourages', 'future', 'work', 'challenge', 'problem', 'proposed', 'here', 'also', 'new', 'problem', 'climate', 'informatics', 'huge', 'varied', 'amount', 'climate', 'data', 'available', 'providing', 'rich', 'fertile', 'playground', 'future', 'machine', 'learning', 'data', 'mining', 'research', 'even', 'exploratory', 'data', 'analysis', 'could', 'prove', 'useful', 'accelerating', 'discovery', 'countless', 'collaboration', 'possible', 'intersection', 'climate', 'science', 'machine', 'learning', 'data', 'mining', 'statistic', 'strongly', 'encourage', 'future', 'progress', 'range', 'emerging', 'problem', 'climate', 'informatics', 'acknowledgment', 'thanks', 'shailesh', 'saroha', 'eva', 'asplund', 'work', 'aiding', 'research1', 'acknowledge', 'modeling', 'group', 'program', 'climate', 'model', 'diagnosis', 'intercomparison', 'pcmdi', 'world', 'climate', 'research', 'programme’s', 'wrcp’s', 'working', 'group', 'coupled', 'modeling', 'wgcm', 'role', 'making', 'available', 'wcrp', 'coupled', 'model', 'intercomparison', 'project', 'version', '3', 'cmip3', 'multimodel', 'dataset', 'supported', 'u', 'department', 'energy’s', 'ofﬁce', 'science', 'reference', '1', 'c', 'monteleoni', 'et', 'al', '“tracking', 'climate', 'models”', 'statistical', 'analysis', 'data', 'mining', 'vol', '4', 'no', '4', '2011', 'pp', '372–392', '2', 'c', 'monteleoni', 'et', 'al', '“climate', 'informatics”', 'computa', 'tional', 'intelligent', 'data', 'analysis', 'sustainable', 'development', 'data', 'mining', 'knowledge', 'discovery', 'series', 'crc', 'press', '2013', 'pp', '81–126', '3', 's', 'mcquade', 'c', 'monteleoni', '“global', 'climate', 'model', 'tracking', 'using', 'geospatial', 'neighborhoods”', 'proc', '26th', 'aaai', 'conf', 'artiﬁcial', 'intelligence', 'aaai', '2012', 'pp', '335–341', '4', 'ga', 'schmidt', 'et', 'al', '“', 'present', 'day', 'atmospheric', 'simulation', 'using', 'gi', 'modele', 'comparison', 'in', 'situ', 'satellite', 'reanalysis', 'data”', 'j', 'climate', '2006', 'vol', '19', 'no', '2', 'pp', '153–19240', 'computing', 'science', 'e', 'ngineering5', 's', 'solomon', 'et', 'al', 'climate', 'change', '2007', 'physical', 'science', 'basis', 'contribution', 'working', 'group', 'fourth', 'assessment', 'report', 'intergovernmental', 'panel', 'climate', 'change', 'cambridge', 'univ', 'press', '2007', '6', 't', 'reichler', 'j', 'kim', '“how', 'well', 'coupled', 'model', 'simulate', 'today’s', 'climate”', 'bull', 'am', 'meteorological', 'soc', 'vol', '89', 'no', '3', '2008', 'pp', '303–311', 'httpdxdoiorg101175bams893303', '7', 'c', 'reifen', 'r', 'toumi', '“climate', 'projection', 'past', 'performance', 'guarantee', 'future', 'skill”', 'geophysical', 'research', 'letter', 'vol', '36', 'no', '13', '2009', 'doi1010292009gl038082', '8', 'r', 'knutti', 'et', 'al', 'expert', 'meeting', 'assessing', 'com', 'bining', 'multi', 'model', 'climate', 'projection', 'good', 'practice', 'guidance', 'paper', 'assessing', 'combining', 'multi', 'model', 'climate', 'projection', 'meeting', 'report', 'intergov', 'ernmental', 'panel', 'climate', 'change', 'i', 'pcc', '2010', 'wwwipccwg2govmeetingsemsi', 'pccemmme', 'good', 'practiceguidance', 'paperpdf', '9', 'c', 'monteleoni', 's', 'saroha', 'g', 'schmidt', '“can', 'machine', 'learning', 'technique', 'improve', 'forecasts”', 'intergovernmental', 'panel', 'climate', 'change', 'ipcc', 'expert', 'meeting', 'assessing', 'combining', 'multi', 'model', 'climate', 'projection', 'presentation', 'pcc', '2010', '10', 'c', 'monteleoni', 't', 'jaakkola', '“online', 'learning', 'nonstationary', 'sequences”', 'proc', 'advance', 'neural', 'information', 'processing', 'system', '2003', 'httpbooks', 'nipsccpapersfilesnips16ni', 'ps2003lt04pdf', '11', 'n', 'littlestone', 'mk', 'warmuth', '“the', 'weighted', 'majority', 'algorithm”', 'proc', 'ieee', 'symp', 'foundation', 'computer', 'science', 'ieee', 'c', '1989', 'pp', '256–261', '12', 'm', 'herbster', 'mk', 'warmuth', '“tracking', 'best', 'expert”', 'machine', 'learning', 'vol', '32', 'no', '2', '1998', 'pp151–178', '13', 'm', 'ghafarianzadeh', 'c', 'monteleoni', '“climate', 'prediction', 'via', 'matrix', 'completion”', 'proc', '27th', 'conf', 'artiﬁcial', 'intelligence', 'latebreaking', 'paper', 'track', 'aaai', '2013', 'pp', '35–37', '14', 'c', 'tebaldi', 'r', 'knutti', '“the', 'use', 'multi', 'model', 'ensemble', 'probabilistic', 'climate', 'projection', 'probabilistic', 'climate', 'projections”', 'philosophical', 'transaction', 'royal', 'soc', 'vol', '365', 'no', '1857', '2007', 'pp', '2053–2075', '15', 'vm', 'krasnopolsky', 'm', 'foxrabinovitz', '“complex', 'hybrid', 'model', 'combining', 'deterministic', 'machine', 'learning', 'component', 'numerical', 'climate', 'modeling', 'weather', 'prediction”', 'neural', 'network', 'vol', '19', 'no', '2', '2006', 'pp', '122–134', 'doi101016jneunet200601002', '16', 'ga', 'schmidt', 'a', 'legrande', 'g', 'hoffmann', '“water', 'isotope', 'expression', 'intrinsic', 'forced', 'variability', 'coupled', 'oceanatmosphere', 'model”', 'j', 'geophysical', 'research', 'vol', '112', 'no', 'd10', '2007', 'doi1010292006jd00778117', 'g', 'evensen', '“sequential', 'data', 'assimilation', 'nonlinear', 'quasigeostrophic', 'model', 'using', 'monte', 'carlo', 'method', 'forecast', 'error', 'statistics”', 'j', 'geophysical', 'researchall', 'series', 'vol', '99', 'no', 'c5', '1994', 'pp', '10143–10162', '18', 'n', 'keenlyside', 'et', 'al', '“advancing', 'decadalscale', 'climate', 'prediction', 'north', 'atlantic', 'sector”', 'nature', 'vol', '453', 'no', '7191', '2008', 'pp', '84–88', '19', 'dm', 'smith', 'et', 'al', '“improved', 'surface', 'temperature', 'prediction', 'coming', 'decade', 'global', 'climate', 'model”', 'science', 'vol', '317', 'no', '5839', '2007', 'pp', '769–799', '20', 'ga', 'meehl', 'et', 'al', '“global', 'climate', 'projections”', 'climate', 'change', '2007', 'physical', 'science', 'basis', 'tech', 'report', 's', 'solomon', 'et', 'al', 'ed', 'cambridge', 'univ', 'press', '2007', 'wwwipccchpublicationsanddata', 'ar4wg1ench10html', '21', 'r', 'knutti', 'et', 'al', '“constraining', 'climate', 'sensitivity', 'seasonal', 'cycle', 'surface', 'temperature”', 'j', 'climate', 'vol', '19', 'no', '17', '2007', 'pp', '4224–4233', '22', 'jm', 'murphy', 'et', 'al', '“a', 'methodology', 'probabilistic', 'prediction', 'regional', 'climate', 'change', 'per', 'turbed', 'physic', 'ensembles”', 'philosophical', 'trans', 'royal', 'soc', 'vol', '365', 'no', '1857', '2007', 'pp', '1993–2028', 'claire', 'monteleoni', 'assistant', 'professor', 'com', 'puter', 'science', 'george', 'washington', 'university', 'research', 'interest', 'include', 'machine', 'learning', 'algorithm', 'theory', 'problem', 'including', 'learning', 'data', 'stream', 'raw', 'unlabeled', 'data', 'private', 'data', 'climate', 'informatics', 'monteleoni', 'phd', 'computer', 'science', 'mit', 'contact', 'cmontelgwuedu', 'gavin', 'a', 'schmidt', 'deputy', 'director', 'nasa', 'goddard', 'institute', 'space', 'study', 'main', 'research', 'interest', 'lie', 'understanding', 'climate', 'variability', 'internal', 'variability', 'response', 'external', 'force', 'schmidt', 'phd', 'applied', 'mathematics', 'university', 'college', 'london', 'contact', 'gavinaschmidtnasagov', 'scott', 'mcquade', 'lead', 'sensor', 'system', 'engineer', 'mitre', 'corporation', 'doctoral', 'candidate', 'computer', 'science', 'george', 'washington', 'university', 'research', 'interest', 'include', 'online', 'learning', 'spatial', 'learning', 'algorithm', 'development', 'mcquade', 'm', 'computer', 'science', 'george', 'washington', 'university', 'contact', 'mcquadegwmailgwuedu', 'selected', 'article', 'column', 'ieee', 'computer', 'society', 'publication', 'also', 'available', 'free', 'httpcomputingnowcomputerorg']"
